dialogue,label,user
"Here is a Kelly complaint: ""Ryan never returns my calls."" Ugh, join the club.",Michael,Vedant
Thatís no accident.,Dwight,Vedant
Why do you hate her?,Erin,Vedant
"No way. No way. Pam Beesley. Hello. Hey, everybody look, Pam. Pam, say hi. Say hi to Pam. Don't we all look skinny? Oh, oh, almost dropped you!",Michael,Vedant
You know what? Come with me. We are going on a little mission. Operation Surprise.,Jim,Vedant
Why would I love that? Can we afford a delivery guy?,Pam,Vedant
"Coffee is the great incentivizer in the office. It's a drug. It is quite literally a drug that speeds people up. It's not the only drug that speeds people up. You hear stories about Dunder Mifflin in the eighties before everybody knew how bad cocaine was. Guh. Man, did they move paper!",Michael,Vedant
Fail.,Dwight,Vedant
"Michael, you know you don't have to turn us all in. All you need is one scapegoat.",Dwight,Vedant
Here's how I usually handle this: all I do is listen.,Creed,Vedant
Which one is that again?,Pam,Vedant
Kelly made me realize something. She and I have... nothing in common. And I need more friends.,Ryan,Vedant
It should take no time at all if you put the care into it that you normally do.,Phyllis,Vedant
"Nellie, Iím sorry, but I donít feel comfortable being evaluated by someone I donít know.",Andy,Vedant
"After you talked, he called my mom and said he was gonna look for an apartment.",Pam,Vedant
"No! It has to be a real person Jim, come on. Okay, no no, I'm gonna pass, I'm gonna pass. Okay, rhymes with Parnold Schporzenegger.",Michael,Vedant
"No, that's not... no, that's not what I was going to say.",Pam,Vedant
"Thatís tasteless, Gabe.",Erin,Vedant
"Yeah, yeah.",Stanley,Vedant
"Yeah, thatís a good one.",Jim,Vedant
I think it should be a surprise.,Phyllis,Vedant
Yeah. You donít have to ask me.,Angela,Vedant
"OK. If I have to do this, based on stereotypes that are totally untrue, that I do not agree with, you would maybe not be a very good driver.",Michael,Vedant
"I think I'll go to Angela's party, because that's the party I know.",Kevin,Vedant
Nope.,Michael,Vedant
Dammit.,Dwight,Vedant
"Like a beach blowout? Or a toga, toga-",Meredith,Vedant
If you know something Michael...,Pam,Vedant
With the crotch.,Dwight,Vedant
Danny Cordray is the worst.,Michael,Vedant
Ow! Robert?!,Phyllis,Vedant
Made love? I donít know.,Michael,Vedant
"Well, because I thought that it was a book about Anthropology the store.",Michael,Vedant
"Look, I'm going to offer you a little piece of advice. I'm not afraid to make an example out of you.",Ryan,Vedant
No big deal.,Darryl,Vedant
I--- I realized that for whatever reason I... just couldn't do better than kelly.,Ryan,Vedant
I want us to make it. I want a fresh start.,Pam,Vedant
Wallace is going to freak.,Oscar,Vedant
Wow. Your voice is as lovely as ever.,Michael,Vedant
Nope. I did not see you either.,Michael,Vedant
"Yeah... uh, come in. Oh, hey Karate Kid. The Hillary Swank version. Hi. How are ya?",Michael,Vedant
Take that thing off the table! Please!,Angela,Vedant
"Dude, you didnít tell me you were fing Val. High five!",Michael,Vedant
I knew it. I knew it from the beginning it was possible.,Dwight,Vedant
What are you going to see?,Toby,Vedant
Hey! My teeth are all this stuff in my mouth.,Dwight,Vedant
I'll text Pam. She's really good at this stuff.,Jim,Vedant
Have you ever seen a burn victim?,Michael,Vedant
Sheís trying.,Darryl,Vedant
Hello.,Meredith,Vedant
EverythingÖ Everything.,Michael,Vedant
Yeah. He was the best. James Bond would love this cupcake.,Michael,Vedant
"Well, it has always been a lifelong dream.",Pam,Vedant
I am going to run three possible date ideas by you and I want you to tell me which one gets your blood percolating.,Michael,Vedant
Save yourself!,Angela,Vedant
Ok.,Toby,Vedant
I have plans later.,Kelly,Vedant
"Well, since we‚Äôre stopped at a light, uhhh, here is‚Ä¶the mural I did for Angela‚Äôs baby.",Pam,Vedant
"It‚Äôs like magic. Or, it‚Äôs like me getting on my hands and knees and begging my partners to switch a Tuesday for a Thursday.",Andy,Vedant
"OK, Michael, please, please, please, please, please let me.",Dwight,Vedant
"I know, but you wanted the big thing.",Phyllis,Vedant
"Okay geniuses, how would you do it?",Michael,Vedant
You're welcome.,Meredith,Vedant
This is you. How much do you charge?,Creed,Vedant
I don‚Äôt know how to make that.,Erin,Vedant
Yeah.,Kelly,Vedant
Do we have to play?,Angela,Vedant
Mike.,Darryl,Vedant
"Wow. Ummm, well I'd have to talk to my mother and my guy at H and R Block.",Michael,Vedant
"Hey, man.",Jim,Vedant
"You should work out Ryan, you would look so hot.",Kelly,Vedant
Andy.,Angela,Vedant
"Well, now OK, I know that this is probably not appropriate, but I need help. Because I want to play ball with my kids before I get too old. And before that happens I need to get laid. And before that happens I need to be in love. And I don't wanna hear ""Ahnnn... I can't help elhh la la."" No. No. I'm a catch and I am not going to be the one who got away. So, this is what we're going to do. Dwight is going to hand out index cards and I want you all to write down the name of an eligible woman for me to date by the end of the day. No, by the end of the hour or you are fired.",Michael,Vedant
You what?,Pam,Vedant
"Well, that‚Äôs what they taught me in my 19th century kindergarten.",Dwight,Vedant
"I used to be young and cute and sorta funny and I could do those cute, little cartoons. And everyone who came through here was like, ‚îú√≥≈å√©¬º‚îº≈çWho‚îú√≥≈å√©¬º≈å√§√≥s that receptionist? I like her.‚îú√≥≈å√©¬º‚î¨√ò Now I‚îú√≥≈å√©¬º≈å√§√≥m just a fat mom. Yeah, and you take one look at me and you‚îú√≥≈å√©¬º≈å√§√≥re like, ‚îú√≥≈å√©¬º‚îº≈çOh, loser.‚îú√≥≈å√©¬º‚î¨√ò",Kelly,Vedant
"No- Ok. Well, we‚Äôll talk about it later. Straussburg! I had a meeting in Straussburg and I dropped you off beforehand. I was wearing a tan shirt with stripes?",Michael,Vedant
"Don't take this the wrong way, but... you should go for that job.",Pam,Vedant
"They make these cakes, they‚Äôre wild! I mean, they show everything!",Michael,Vedant
"Why don‚Äôt you do the presentation, because you know how to do it?",Ryan,Vedant
Yes! Yeah. Aaaaaaaa! Aaaaaaaa! Aaaaaaaa!,Dwight,Vedant
Hey.,Erin,Vedant
"Uh, Dwight? Did you raise benefits?",Jim,Vedant
My actual mother was very cold and distant. I‚Äôd say she was the closest thing I had to an aunt.,Dwight,Vedant
What's this?,Toby,Vedant
"Yeah, I didn't go through with the wedding. I got cold feet, a few days before. And I can't really explain it. I just had to get out of that relationship. We still had to pay for all the food. So we froze it. But I'm, I'm doing well. I have my own apartment. I'm taking art classes. And I have lunch for the next five weeks.",Pam,Vedant
Kelly has been a handful in the past.,Ryan,Vedant
Hey.,Jim,Vedant
Hannah Smoterich-Barr.,Dwight,Vedant
I mean I‚Äôm learning nothing.,Jim,Vedant
I have recently taken a lover.,Michael,Vedant
What was that?!,Meredith,Vedant
I want you to print that out for me.,Dwight,Vedant
"Oh, stainless. Williams Sonoma.",Michael,Vedant
This year I decided to really get into the spirit of Halloween.,Pam,Vedant
Stop it! Stop it!,Michael,Vedant
Hey. I like.,Michael,Vedant
"You know, there are a lot of guys out there who would just love and appreciate a-",Meredith,Vedant
You want more?,Andy,Vedant
In you go.,Michael,Vedant
"So, they know.",Andy,Vedant
"Okay. So be it, then you've lost credibility. And I'm going to go with my guy, and that's Ryan.",Michael,Vedant
Do you get TNT? The station? Do you get TNT?,Michael,Vedant
That's a drive!,Stanley,Vedant
Can I have a raise?,Jim,Vedant
Welcome.,Michael,Vedant
"Whereas that is not why I have entered show business, I do understand that you have to build credibility. IƒÇÀò√¢‚Äö¬¨√¢‚ÄûÀòm all for it.",Michael,Vedant
Oh my god.,Angela,Vedant
What are you doing?,Jim,Vedant
You really think you can make it up to me with food?,Kevin,Vedant
Exactly.,Jim,Vedant
That Swayze sure can dance dirty.,Meredith,Vedant
You should move down here with me.,Ryan,Vedant
Where are they?,Michael,Vedant
"Oh, yeah. This'll be easy. So just, like, rearrange the buttons and stuff.",Michael,Vedant
"Well, let‚Äôs play, what is it?",Michael,Vedant
It‚Ä¶ folds up. You‚Äôve only seen it flat.,Michael,Vedant
"No, you‚Äôre not. You‚Äôre getting past it. You have to close. You can do it.",Pam,Vedant
"You know what, you‚Äôre one bad text away from getting blocked.",Kelly,Vedant
Fine. Party pooper.,Michael,Vedant
Right there.,Meredith,Vedant
Now?,Toby,Vedant
Wow! I never thought Dwight would go postal. It's always the person you least expect and I always thought Dwight would go postal.,Jim,Vedant
Make your own in' sandwich.,Kelly,Vedant
Questions?,Toby,Vedant
"Hank? You really think Hank is going to be loyal to you? Hank, please escort Charles from the building.",Michael,Vedant
Uh‚Ä¶ something cool that Ryan doesn‚Äôt know about yet.,Kelly,Vedant
We don‚Äôt get along.,Phyllis,Vedant
"Utica is snoozeville, um, Albany are the prepsters, Nashua, no parking, um, Akron is haunted, Camden... is in a basement, Yonkers has the two hot girls, and here in Scranton, we are the cool guys.",Michael,Vedant
nan,Creed,Vedant
Are you wearing anything under the robe?,Michael,Vedant
"You know, there's doughnuts in the break room.",Oscar,Vedant
"Oh. Okay. Well, if it makes you uncomfortable, then we‚Äôll stop.",Michael,Vedant
I stole this. For you babe.,Ryan,Vedant
Oh!,Phyllis,Vedant
"Hello, Dwight. Pam left her iPod at her house. I want you to swing by, pick it up, and bring it to the hospital. We need it yesterday.",Jim,Vedant
I like that guy. We should hook him up with Meredith.,Pam,Vedant
"Cute kids, thanks for coming.",Michael,Vedant
All right. Jack Nicholson for birdie.,Michael,Vedant
Hey.,Erin,Vedant
Let's do this thing.,Michael,Vedant
"Nothing wrong with this stuff. At all. This is fine. You know what. Gay porn, straight porn, it's all goooooood! I don't particularly get into this. But uh, you know what. I totally see the merit! And actually... it is quite beautiful.",Michael,Vedant
"Ehh, that‚Äôs not who I‚Äôm talking about.",Jim,Vedant
"Between the - us and you guys. It's unnecessary, right?",Andy,Vedant
"Listen to me. It‚Äôs two p.m. From now until four, your priority is knitting. Knit like the wind.",Michael,Vedant
Cool.,Jim,Vedant
Are you okay?,Darryl,Vedant
Mm.,Kevin,Vedant
And we should take a part of his pay and donate it the charity of your choice. Something that Dwight doesn't like.,Pam,Vedant
"Oh my God. Dwight got a hooker! Oh my God, I gotta call... well, I gotta call somebody, I don't even know who to call. Dwight got a hooker!",Michael,Vedant
"No, Jim, the butt, in his butt.",Dwight,Vedant
It goes out automatically at five P.M.,Michael,Vedant
"I lied to Michael. I said that I would leave him alone, but I will not. I will remain close by to provide unseen moral support, but I will never help him. I will let harm befall him. I will even let him die. But I will never let him lose his dignity.",Dwight,Vedant
"I am not a bad person. When I left Staples, I took some of their leads with me but I never intended to use them. What did I intend to do with them? Who knows? Maybe keep them as a souvenir. Maybe use them.",Dwight,Vedant
Why do we have to do something together? I volunteer at a clinic on my own time.,Angela,Vedant
"No, no, I had to. Look, I needed to look like a team player, Pam.",Michael,Vedant
I was trying to liven things up a little bit. I was kinda doing your job so--,Ryan,Vedant
"Gotcha, oh! Yes?",Michael,Vedant
"Stop it, Mr. Ash! Bad cat! That is very bad! You stop it right now! I swear, he is fixed.",Angela,Vedant
"No, the baby. Please, it's my husband's favorite cat. He's broken up about it. It's the only time I've seen him cry other than our wedding night.",Angela,Vedant
"Ok, but listen. We just don‚Äôt have the budget for it. Okay? Reception needed a computer so we got one.",Pam,Vedant
Okay. You ever been in a manager's office before?,Michael,Vedant
Maybe wee find some wiggle room?,Michael,Vedant
"It‚Äôs cool, Darryl, I‚Äôm here too.",Jim,Vedant
Its sports marketing basically. But the athletes are partners.,Jim,Vedant
Okay.,Kevin,Vedant
nan,Creed,Vedant
"Oh, I dunno, they're launching a big new business plan. New website, blah blah blah. He's being a real twerp about it, so, it's all about youth, and agility and streamlining and trying to squeeze out the older people.",Michael,Vedant
‚ÄúHooray. Live it up big D. ‚Äù ‚ÄúDays like this don‚Äôt come often enough. Time to celebrate. You deserve this‚Äù?,Michael,Vedant
Yeah.,Kevin,Vedant
"Shhh! Don't excite him. Don't make him excitable. Welcome back, Stanley.",Michael,Vedant
nan,Oscar,Vedant
Yeah. I keep them here at my desk so that everybody doesn't take them.,Dwight,Vedant
I don't think I sh-,Toby,Vedant
"Hey, thanks, ace.",Jim,Vedant
"Roy and I just got back from the Poconos. I get ten vacation days a year, and I try to hold off taking them for as long as possible, and this year I got to the third week in January.",Pam,Vedant
I do.,Pam,Vedant
What?,Darryl,Vedant
"Ah, man. Ah, fell asleep, took a nap. Hey guys, ah I feel refreshed now. How‚Äôs it goin?",Michael,Vedant
"It's going very well. People are mixing, a lot of hope. Cause that's what you hate to see, when hope gets crushed. Sorry, thought I heard somebody coming in. Um, so it's not too late.",Michael,Vedant
Had to be part of the group.,Andy,Vedant
"It's Vivaldi, for Finer Things.",Toby,Vedant
What?,Andy,Vedant
Come on pam!,Michael,Vedant
Your two o'clock.,Dwight,Vedant
"Hello, Dwight. Pam left her iPod at her house. I want you to swing by, pick it up, and bring it to the hospital. We need it yesterday.",Jim,Vedant
"Oh, this Man In Black thing, what do you think that was about?",Andy,Vedant
This is all I could find.,Phyllis,Vedant
That's from me.,Pam,Vedant
Watching?,Creed,Vedant
"All right, thank you, bye-bye.",Kelly,Vedant
Yes.,Erin,Vedant
Yup. Ryan and I are just having some fun!,Kelly,Vedant
Thank you.,Erin,Vedant
"It's subtle. That's how it works. I show her an image that turns her on. And then she looks at me, then back at me, then back at the image. Soon, she doesn't know what is me, what is the image. She just knows that she's turned on.",Michael,Vedant
Oh!,Erin,Vedant
Hi.,Erin,Vedant
"Michael, I like the sound of your voice. You know what I'm going to do? I'm going to buy one million dollars worth of paper products today.",Jim,Vedant
Thank God.,Michael,Vedant
I'm sure it was really lovely.,Jim,Vedant
"Grandpa, where were you the day the the Scranton Strangler was caught? Well kiddo, I was there. I was there‚Ä¶ And I‚Äôll tell you what. You go sell these and buy yourself a nice spaceship.",Michael,Vedant
"Yeah, I'm not ready for this.",Jim,Vedant
Your mommy and daddy give you ten dollars to open up a lemonade stand. So you go out and you buy cups and you buy lemons and you buy sugar. And now you find out that it only costs you nine dollars.,Oscar,Vedant
Oh my God!,Michael,Vedant
Okay.,Toby,Vedant
"Split the difference. Hey‚Ä¶ mint chocolate chip, please? Is Jim out there?",Michael,Vedant
"Glee? What is Glee, some television program? Jim I need that thing stat!",Dwight,Vedant
You never call back.,Kelly,Vedant
"Two children, yes.",Jim,Vedant
I don‚Äôt think it does that.,Oscar,Vedant
"No, I have not.",Stanley,Vedant
"I was talking about my wife, and how she believes in ghosts. And then we had a little debate. Meredith said she believes in them too.",Jim,Vedant
No. No. No.,Michael,Vedant
No me fault.,Kevin,Vedant
"And now... to someone who quietly goes about their job, but always seems to land the biggest accounts...",Michael,Vedant
It's true. I did.,Dwight,Vedant
"Eh, I've been sitting all day.",Jim,Vedant
"Prima nocta, I believe from the movie Braveheart, and confirmed on wikipedia, is when the king got to deflower every new bride on her wedding night. So...",Michael,Vedant
What? God damn it. She was supposed to come out yesterday.,Michael,Vedant
"I. Do not agree to sell, which is to say nay.",Michael,Vedant
Clean the toilets.,Dwight,Vedant
I'm Facebook.,Ryan,Vedant
Tell us the freaking story!,Meredith,Vedant
Snack attack time.,Michael,Vedant
"For the past month, I have been collecting wishes from everyone in the office, and I intend to make good on every single one of them.",Michael,Vedant
"This branch, I‚Äôm the regional manager.",Michael,Vedant
That sounds good too. I don't know who's right. I just don't - I don't know. I don't know.,Michael,Vedant
"No, that is what I mean.",Pam,Vedant
"If I was girl, I would seriously reconsdier coming to this party. But don't tell anyone that I said that, 'cause I want them to come.",Erin,Vedant
OK.,Kevin,Vedant
Or the me that stinks.,Michael,Vedant
That is so great about the bonus!,Phyllis,Vedant
Go ahead and just read the frosting.,Jim,Vedant
Okay.,Stanley,Vedant
"Uh, okay. So um, once you get down into the mine, what do you do? Is it like, uh... Do you have laser tag down there or something?",Michael,Vedant
See what I mean?,Angela,Vedant
Hey! What are you saying?!,Angela,Vedant
O..ok. Um..good.,Michael,Vedant
"Hey, I was on the can. What‚àö¬¢‚Äö√á¬®‚Äö√ë¬¢s this about a black guy in the office?",Creed,Vedant
"I have been Michael‚Äôs #2 guy for about 5 years. And we make a great team. We‚Äôre like one of those classic famous teams. He‚Äôs like Mozart, and I‚Äôm like Mozart‚Äôs friend. No. I‚Äôm like Butch Cassidy, and Michael is like Mozart. You try and hurt Mozart; you‚Äôre going to get a bullet in your head courtesy of Butch Cassidy.",Dwight,Vedant
"No, okay.",Darryl,Vedant
I hate it! I hate your car!,Dwight,Vedant
Fax this for me.,Dwight,Vedant
"Oh, this guy is having a breakdown.",Jim,Vedant
Guys its not worth it really. Guys this is not worth our time.,Oscar,Vedant
Your home office?,Erin,Vedant
Ok. She‚Äôs ok?,Michael,Vedant
"You know what, Kelly? This is the real world. Not The Real World: Scranton. Oh my God, this is super weird. When Ryan had two girlfriends, he used to take me to some diner in Hazelton just so the other girl wouldn‚Äôt see.",Kelly,Vedant
"Okay, field trip's over. Come on. Could we please get back to this?",Andy,Vedant
"I don‚Äôt know. She‚Äôs from somewhere, I bet. Maybe from the forest.",Michael,Vedant
How are you?,Toby,Vedant
I need you to hose my aunt.,Dwight,Vedant
What?,Erin,Vedant
"Hold on, Kelly. Would it help you to know that Jim thinks you're smart?",Dwight,Vedant
Thank you very much.,Michael,Vedant
That‚Äôs what we gotta do.,Oscar,Vedant
"I'll tell you what happened to me. I didn't see my father for the first two years of my life. I thought my mother was my father, and my wet-nurse was my mother.",Dwight,Vedant
I don't kn--,Kevin,Vedant
"OkayƒÇÀò√¢‚Äö¬¨√Ç¬¶ Seven, one, one, nineƒÇÀò√¢‚Äö¬¨√Ç¬¶",Michael,Vedant
Merry Christmas Erin! Take it away boys!,Michael,Vedant
"If you're using more than three pieces of tape to wrap a present, you're doing it wrong.",Angela,Vedant
The architecture reminds one of a quaint Tuscan beet farm.,Dwight,Vedant
Sales.,Dwight,Vedant
"Here you go. And good for you Dwight, I‚Äôm so glad you found someone. I bet she‚Äôs got kind eyes.",Angela,Vedant
"Never ever, ever sleep with your boss. I am so lucky that Jan and I only got to second base.",Michael,Vedant
"Yeah, well, that‚îú√≥≈å√©¬º≈å√§√≥s just pizza. You need at least one other element for it to be a party.",Michael,Vedant
That's harsh.,Phyllis,Vedant
"Look at these little mini pizzas. Does this make me look huge? Hey guys, look at me, I‚Äôm huge.",Michael,Vedant
"No you‚Äôre not! Ok, just‚Ä¶ you‚Äôre not a tool. Look, we‚Äôll tell her that it‚Äôs bad, but it could‚Äôve been a lot worse but due to some fancy financial foot work I was able to cut it in half.",Michael,Vedant
"Hello, Cece Halpert? This is Andrew Bernard. I‚Äôd very much like to speak with you about your paper supply needs. That wasn‚Äôt even my worst sales call.",Andy,Vedant
So much for sex without consequences.,Michael,Vedant
"Oh man, I am so mad that Pam got hurt! Argh!! Rrrraah!!! I'll get it.",Dwight,Vedant
"I know, right? What is it? You always look so good in those things.",Michael,Vedant
"I don‚Äôt know about Stephen King, I mean‚Ä¶",Pam,Vedant
"Well, because I want to know who wrote those diseases down.",Dwight,Vedant
Hey.,Jim,Vedant
N-no there's not.,Toby,Vedant
Really?,Darryl,Vedant
Good policy. Sensible. Smart.,Dwight,Vedant
Yeah. It's pretty close.,Jim,Vedant
I'm going to o have some of this meat sandwich.,Michael,Vedant
"Okay, so here's what I'm thinking. I'm gonna say that before ceramics class, I took off my ring, and then when I changed back out of my smock, it wasn't in my pocket anymore, and I lost it.",Pam,Vedant
"All right, thank you, bye-bye.",Kelly,Vedant
Hey!,Meredith,Vedant
Hey let me escort you to your desk.,Michael,Vedant
"Oh, I don‚Äôt know. I haven‚Äôt decided yet.",Pam,Vedant
Ok.,Kevin,Vedant
"Everybody looking good, this is, this is the best we can do? I‚Äôm not judging, I, I think you guys look great, I just‚Ä¶ wanna make sure this is the best we can do?",Michael,Vedant
"Yes, it‚Äôs mine.",Ryan,Vedant
"Chapter 2 ‚îú√≥≈å√©¬º≈åƒÜ¬£ Announcing guests as they enter is the height of decorum. The more volume displayed, the more honor is bestowed upon everyone present.",Michael,Vedant
Oh.,Erin,Vedant
"Number one, do not leave your things on my desk. It's not some kind of personal pen receptacle for you. I don't care how high they promote you, which brings me to item number two... I never formally congratulated you on your promotion, so I'd just like to say... con-quack-ulations!",Andy,Vedant
EEEHHH!! No. Hehe.,Michael,Vedant
Great.,Jim,Vedant
"Name, Meredith Palmer. Uh, personal information, divorced twice, two kids. Uh, Employer, Dunder Mifflin Paper Incorporated. Awards, multiple Dundies.",Meredith,Vedant
Words will never be enough.,Andy,Vedant
See world. Oceans. Fish. Jump. China.,Kevin,Vedant
I should get back to work.,Jim,Vedant
"And I wanted to apologize. These resolutions should be about you, and I made it about me, and it was none of my beeswax.",Pam,Vedant
"Congratulations, Phyllis. You look lovely. Your dress is very white. So white, my eyes are burning.",Michael,Vedant
Hey Ryan? Could you get to that copy from before?,Michael,Vedant
I don't need you to give me a history lesson. Ok?,Angela,Vedant
Okay.,Erin,Vedant
Only one that I was kind of worried about.,Oscar,Vedant
nan,Stanley,Vedant
"Oh yeah, I don‚Äôt know if it‚Äôs right, but-",Erin,Vedant
Bye.,Erin,Vedant
"I'm sorry, he's not in right now.",Erin,Vedant
Allergies?,Jim,Vedant
We can talk about that. All right.,Jim,Vedant
I'll use it when you're done.,Andy,Vedant
Oh... ok.,Erin,Vedant
"I mean, he's gotten worse over the years‚Äö .",Stanley,Vedant
Uh‚Ä¶ no.,Jim,Vedant
"Oh my God, oh my God, oh my God, oh my God, oh my God, oh my God, oh my God, oh my God, oh my God, oh my God, oh my God, oh my God, oh my God...",Michael,Vedant
"But effective, look! On behalf of Jim and I, Merry Christmas.",Pam,Vedant
Hold it.,Dwight,Vedant
"Oh, I know what you're thinking. You're not prying this out of my hands, but don't tempt me because I'll give it to you!",Andy,Vedant
"Obviously, that‚Äôs why I‚Äôm here. I mean, I came back early to surprise Erin. Happy Valentine‚Äôs Day, sweetheart. But, I‚Äôm just saying, I‚Äôm also excited about the Wallace meeting.",Andy,Vedant
You haven't had sex?,Michael,Vedant
"Oh, hey, no problemo. Incidentally, I love the place.",Michael,Vedant
What in the name of God is going on?!,Andy,Vedant
"No, it didn't--nothing got torn off. Who told you that?",Michael,Vedant
"Ok, it‚Äôs obvious Andy picked the people that are least important to the office.",Dwight,Vedant
"Okay, you know what? Why don't you guys deal with it? I am going to get up, and I am going to be out in the common area. But you need to decide; otherwise I'm taking the bonus. All right?",Michael,Vedant
"Meredith, slow down! We're not gonna get there any faster if we're dead.",Pam,Vedant
"I might have extra, it just depends on how many I eat.",Kevin,Vedant
"I'm just killing Germans, any way I can.",Dwight,Vedant
Wow!,Michael,Vedant
"Uh-huh. Prove it. Let's see your penis. I... you know, as that was coming out of my mouth, I knew that it was wrong.",Michael,Vedant
My hip bone!,Phyllis,Vedant
Um...,Pam,Vedant
"That doesn‚Äôt sound right. I want to say, LaDameon Washington.",Michael,Vedant
"Well, you can actually fire him.",Dwight,Vedant
"Oh man, that‚Äôs fresh squeezed. And, uh are all the snacks complimentary?",Stanley,Vedant
"Como estas, senor?",Michael,Vedant
"No, we talked about not bringing them in to Dwight‚Äôs photo studio slash trap.",Jim,Vedant
Yes.,Darryl,Vedant
"Yeah, I'll take it.",Andy,Vedant
No question.,Dwight,Vedant
Casey Dean!,Oscar,Vedant
Aren't you going to ask me how Jamaica was? Say it. Ask me.,Michael,Vedant
Oh!,Oscar,Vedant
Ryan is causing some problems. And you were always good at handling him. What should I do to control him?,Dwight,Vedant
Sorry Phyllis.,Dwight,Vedant
"All right everybody. I'm out of here. Jim, you're in charge.",Michael,Vedant
So it's faster.,Kevin,Vedant
"Okay, so here's what I'm thinking. I'm gonna say that before ceramics class, I took off my ring, and then when I changed back out of my smock, it wasn't in my pocket anymore, and I lost it.",Pam,Vedant
"Yeah, he‚Äôs in a ladle.",Andy,Vedant
Bears do not--- What is going on--- What are you doing?!,Dwight,Vedant
It is not a waste of our time.,Toby,Vedant
Agreed. Let me show you what I've been working on.,Pam,Vedant
"Yeah, at first, I was really disappointed, but I‚îú√≥≈å√©¬º≈å√§√≥ve got a great daily routine going right now. I have upped my karate to eight times a week. I‚îú√≥≈å√©¬º≈å√§√≥ve added boxing ‚Äì lunches and on weekends. I do kickboxing three times a week. Krav Maga four times a week. An hour of meditation every morning at sunrise and again at sunset. So yeah, I‚îú√≥≈å√©¬º≈å√§√≥m doin‚îú√≥≈å√©¬º≈å√§√≥ great.",Dwight,Vedant
Pam.,Jim,Vedant
Hmm. Yeah right,Erin,Vedant
"Knock, knock. Oh!",Michael,Vedant
That's bad.,Darryl,Vedant
Daddy's here and daddy is going to take care of you.,Michael,Vedant
I'm sorry... that you're both morons.,Angela,Vedant
"I know. Yeah, and it was going really great at first. I got video.",Michael,Vedant
Yes I will.,Ryan,Vedant
Oh my goodness.,Phyllis,Vedant
"Everybody looking good, this is, this is the best we can do? I‚Äôm not judging, I, I think you guys look great, I just‚Ä¶ wanna make sure this is the best we can do?",Michael,Vedant
"Okay, well, you didn't tell me that. Now, he will not be allowed in unless we register him on this list.",Dwight,Vedant
That sounds super inspiring! I‚Äôm in!,Meredith,Vedant
"Usually a ten, but I'm feeling like a zero.",Michael,Vedant
In a minute. In a minute.,Ryan,Vedant
Uh.,Ryan,Vedant
It was really funny.,Pam,Vedant
Did you say 'Koi pond'?,Oscar,Vedant
And it looks like you're taking a dump.,Kevin,Vedant
"I don't want to be like ""a guy"" here. You know? Like, Stanley is the ""crossword puzzle guy"". And Angela has cats. I don't want to have a thing... here. You know, I don't want to be the ""something guy"".",Michael,Vedant
Phyllis is masturbating. In the office right now as we speak.,Dwight,Vedant
"A lot of people are really getting into Halloween this year! Six seconds, MacGruber! Pam's got a lot of fun stuff planned! Uh, two seconds MacGruber! Including a... costume contest, and bobbing for apples, and a Ouija board... OHHH! BOOM! OHH EXPLOSION! MACGRUBERRRR!",Michael,Vedant
Yeah! Yeah.,Meredith,Vedant
You have to stop yelling at me or I'm not gonna do the egg race.,Kelly,Vedant
Don't. Don't try and think of a question to humor me. Just... try not to be such an idiot.,Pam,Vedant
He is in an all-out sprint.,Jim,Vedant
To waiting.,Andy,Vedant
Do you want a corn dog?,Kevin,Vedant
Nice.,Kevin,Vedant
... Please don't let that stupid thing near me...,Angela,Vedant
Yes.,Andy,Vedant
Nice.,Jim,Vedant
Saw it.,Meredith,Vedant
"He obviously forgot to get me something, and then he went in his closet and dug out this little number and then threw it in a bag.",Kelly,Vedant
Yes it‚Äôs too tight.,Michael,Vedant
"I‚Äôm moving out to the burbs‚Ä¶ actually, I‚Äôm moving further than the burbs, I‚Äôm moving to Colorado.",Michael,Vedant
"Pam, Michael Scott. How's tricks?",Michael,Vedant
Ok‚Ä¶,Kevin,Vedant
Took me all night.,Michael,Vedant
Gabe!,Erin,Vedant
"I got it, I got it.",Michael,Vedant
"Um, so you‚Äôre in the tub with everything?",Michael,Vedant
"Well, I mean, How do you pay back someone for something like that? But, uh, I don‚Äôt know. I‚Äôm working on something.",Jim,Vedant
"You see, Kelly? Our love scares them. It screws up their cookie-cutter world.",Ryan,Vedant
"‚îú√©‚î¨ƒÄ It‚îú√≥≈å√©¬º≈å√§√≥s just a list of our names, split into two columns.",Jim,Vedant
"Hello. I‚Äôve seen you guys around. I‚Äôm Michael Scott, Dunder Mifflin. How you doing? Uhghh, so I guess you know why I‚Äôm here? I need to purchase something.",Michael,Vedant
"Always have your back. So, any ideas on how we can get over this nine-day hump here?",Michael,Vedant
No.,Oscar,Vedant
"He totally misses,",Jim,Vedant
If this bad idea goes off and we all lose our jobs. Are you going to feel good about that?,Oscar,Vedant
...so good.,Kevin,Vedant
No.,Toby,Vedant
"So, it turns out it's the closest place to get a marriage license without a 3 day waiting period.",Michael,Vedant
I'm meeting a client. Do you have a problem with that?,Dwight,Vedant
"William Randolph Shakespeare once wrote in one of his plays, and I'm paraphrasing here, ""Love doth be poison."" Brilliant. And a lot of people don't give Shakespeare enough credit. They think it was somebody else. A-holes.",Michael,Vedant
"That's pretty funny. Hey you know what? Did I drop my, uh...",Pam,Vedant
Let‚Äôs do it.,Michael,Vedant
"Oh, great.",Angela,Vedant
No.,Angela,Vedant
Mike.,Darryl,Vedant
"Uh yeah. I already bought my Pyramid, but I don‚àö¬¢‚Äö√á¬®‚Äö√ë¬¢t want to leave yet. I haven‚àö¬¢‚Äö√á¬®‚Äö√ë¬¢t had so much fun since seeing‚àö¬¢‚Äö√á¬®¬¨¬∂ zoo-Ey Desh-channel at the Couch-arilla music festival. So fun.",Meredith,Vedant
Pudding. Pudding... I'm trying to think of another dessert to do.,Phyllis,Vedant
Nuh-uh.,Michael,Vedant
Well you guys should hit the road before... I close down another branch.,Michael,Vedant
"For breakfast. Except Charles. You say no more parties, and then you spend all of this money on lunch, I think it's a little hypercritical.",Michael,Vedant
"Oh God, Rabies?",Meredith,Vedant
You wanna go to the beach?,Toby,Vedant
I don‚Äôt think so.,Erin,Vedant
Attention blue collar workers!,Michael,Vedant
"This is Tuesday, right? The coffee in Paraguay is far hotter?",Michael,Vedant
"Um, thank you, Ryan, uh, I don't know, I think I made the mistake one day of telling someone that I like penguins, and here we are.",Kelly,Vedant
": Uh, is that it?",Erin,Vedant
"Oh, good.",Stanley,Vedant
I think we should get a townhouse in SoHo‚Ä¶,Jim,Vedant
"No, we settled in a much more rational place, remember?",Jim,Vedant
Okay. A lame attempt at humor. Swing and a miss.,Andy,Vedant
"Kelly, I'm so cold!",Ryan,Vedant
"Hand me that water. I always say ""Beer me."" Gets a laugh like a quarter of the time. So how's what's-her-name?",Jim,Vedant
"Protein powder, huh? You cut it with water? Why don‚àö¬¢‚Äö√á¬®‚Äö√ë¬¢t you just take estrogen? There you go boys. See how papa takes care of you? Mwah.",Michael,Vedant
Mm! Yeah!,Kevin,Vedant
"Okay. Well, we have a surplus. Imagine that your parents give you money for a lemonade stand-",Oscar,Vedant
I have a new swimsuit I need to break in‚Ä¶.,Phyllis,Vedant
Hmm...,Stanley,Vedant
I don't know. Let's break up.,Ryan,Vedant
"325, 325.",Dwight,Vedant
"Don't act like you understood anything that guy said. Good luck, wingman.",Michael,Vedant
"Well, he...",Toby,Vedant
I loved it.,Michael,Vedant
The other volunteers.,Angela,Vedant
"Why thank you very much. Oh, what are those? What are those? Tell me, please!",Michael,Vedant
No. This is a closed door meeting.,Dwight,Vedant
"Sure, I can hold.",Michael,Vedant
I don‚Äôt know how to make that.,Phyllis,Vedant
There's gonna be a free room?,Kevin,Vedant
But I wanted you to know that Michael and I are wearing the same tie today. It‚Äôs insane.,Jim,Vedant
To Mama Juju Boo Boo.,Michael,Vedant
"Oh, all right. God, Dwight, just ignore every instinct you have. ItƒÇÀò√¢‚Äö¬¨√¢‚ÄûÀòs all garbage okay? YouƒÇÀò√¢‚Äö¬¨√¢‚ÄûÀòre the woman, IƒÇÀò√¢‚Äö¬¨√¢‚ÄûÀòm the salesman, watch what I do and try to learn.",Michael,Vedant
"Okay, yeah. This is a lost cause. ItƒÇÀò√¢‚Äö¬¨√¢‚ÄûÀòs hopeless.",Michael,Vedant
Do you mean Neverland?,Oscar,Vedant
You did good. Real good.,Dwight,Vedant
The other man. Who‚Äôs the guy? Who is it?,Phyllis,Vedant
"""C"" is for suspension.",Michael,Vedant
Website check please.,Dwight,Vedant
"Well, you know what? Go buy some more. I'll approve the overages. Sound good?",Andy,Vedant
"What are...? Shut it. Shut. Up. OK, so what I want to engage us in today is a hardcore discussion about women's problems and issues and situations. Magazines and TV shows and movies portray women as skinny, tall goddesses. Well, look around. Are women like that? No. No, they are not. Even the hot ones aren't really that skinny. So what does that say? That says that you women are up against it. And it is criminal. Society doesn't care. Society sucks. I don't even consider myself a part of society. FYI. Because I am so angry over all of this.",Michael,Vedant
Nothing happened. We went on a couple of dates. He never called me again.,Pam,Vedant
Thanks.,Erin,Vedant
"I love the people here. And if there was one thing I di‚Ä¶ don‚Äôt really care for is that they can be terribly, terribly ignorant about other cultures. And I don‚Äôt want them embarrassing me in front of my girlfriend, Carol.",Michael,Vedant
Ha ha ha.,Erin,Vedant
Michael's my only friend left in the office. Except Pam... I think. Is she still upset?,Jim,Vedant
Yeah.,Darryl,Vedant
Not gonna happen.,Darryl,Vedant
Then looks like we have a deal‚àöƒò‚ÄöƒÅ¬®¬¨¬∂ Son,Michael,Vedant
"I was going to tell her, just on my own time.",Jim,Vedant
"Idiot, we‚Äôre starting back up. This is Dwight, by the way.",Dwight,Vedant
"Okay, great. Suit yourself. Although, are those excess skin cells on the baby‚Äôs cheek distracting to you as well?",Dwight,Vedant
Wow.,Pam,Vedant
"I donƒÇÀò√¢‚Äö¬¨√¢‚ÄûÀòt know, Phyllis! I just got the text and started screaming, ƒÇÀò√¢‚Äö¬¨ƒπ‚ÄúRed Alert.ƒÇÀò√¢‚Äö¬¨√Ç≈•",Michael,Vedant
"Stanley, we're havin a little...",Phyllis,Vedant
"Hahhh, thanks for everything.",Andy,Vedant
"It's not up to Michael, it's Jan's call. Talk to her.",Pam,Vedant
Thank you.,Angela,Vedant
I think those might be empty.,Pam,Vedant
"No, no. I still have time.",Jim,Vedant
Yeah. Thank you.,Pam,Vedant
Please? Just make sure he‚Äôs OK?,Angela,Vedant
"Oscar, what is happening here? Why would you say you think the senator might be gay?",Angela,Vedant
Kelly's helping?,Ryan,Vedant
Shut -,Angela,Vedant
It‚Äôs not. They‚Äôre not. Fresh and new. Please let go. Please let go.,Michael,Vedant
"Oh, she is hot.",Michael,Vedant
What are you talking about?,Meredith,Vedant
"Since you did such a good job with the investigation, I decided to pull a few strings. Call in a few favors. and I‚Äôve decided to make you official security supervisor of the branch.",Michael,Vedant
Alright.,Stanley,Vedant
You know what? I would save the receptionist. I just wanted to clear that up.,Jim,Vedant
"Okay, Dwight. Here we go oh god.",Michael,Vedant
All right.,Jim,Vedant
You can't have it I don't walk into your house and steal your Hello Kitty backpack.,Michael,Vedant
What do you want!?!,Darryl,Vedant
Do you have the tools to turn a wooden mop handle into a stake?,Andy,Vedant
"Ok, so tell me exactly what kind of deal you are getting now and I≈åƒÜ√ñll tell you how we can beat it.",Michael,Vedant
"Ok. Well done. Good speech Ryan, you‚Äôre a good guy.",Michael,Vedant
Decorating.,Angela,Vedant
Miss you. Okay. I‚Äôll be in my office if you need me.,Andy,Vedant
Good luck Michael!,Pam,Vedant
"Last year, my boss, Michael Scott, took a day off because he said he had pneumonia, but really, he was leaving early to go to magic camp. Wow.",Dwight,Vedant
It‚Äôs all yours. Ah!,Andy,Vedant
Thinking about my grandmother a lot.,Michael,Vedant
"Oh, look at that, 3. Way to honor Meredith, Phyllis.",Michael,Vedant
Did I stutter?,Stanley,Vedant
Can we do sleight of hand tricks?,Michael,Vedant
You were in an a capella group?,Erin,Vedant
ItƒÇÀò√¢‚Äö¬¨√¢‚ÄûÀòs getting tougher. I just didnƒÇÀò√¢‚Äö¬¨√¢‚ÄûÀòt know that it was gonna be this hard.,Michael,Vedant
Thanks. I never owned a refrigerator.,Creed,Vedant
Wait. I don‚Äôt think yours will fit me.,Pam,Vedant
"Don't you have some sort of chaser or gobbler thing that you can send out that's able to eat up that other emails? I read about something like that. Well, I am in America and I am online, so I do think it involves you. Uh-huh. And if I were a subscriber, would then you be able to send out the gobbler? I'd... Yes, I will hold.",Michael,Vedant
Why do you always say that? You‚Äôre gonna love it.,Jim,Vedant
"Okay. So... you would be the Regional Manager, and the Assistant Regional Manager. Andy is your number two. I would be the Secret Assistant Regional Manager.",Michael,Vedant
"Could you have picked something stinkier to bring on a plane? My God, Oscar. Really? Do you have a bag of baby poop in there too, to share with everybody? No, I will be ordering my own food, thank you very much.",Michael,Vedant
What are you doing?,Oscar,Vedant
Boner Bomb starring Jason Statham. Or we go against type with an Eisenberg or a Michael Cera.,Michael,Vedant
Si.,Michael,Vedant
Oh. Andy. I thought of one last tact you can take with Pam.,Jim,Vedant
YEAH! Da na na na na.,Michael,Vedant
"Profound man, your husband.",Phyllis,Vedant
"Yeah. Right, snuggle time.",Erin,Vedant
OK. Dwight. Are you really in charge of picking the health care plan?,Pam,Vedant
Dwight!,Pam,Vedant
Trust is the most important thing to me. Is your name Andy Bernard? What's your real name? Lionel Frankenstein?,Erin,Vedant
"For the performance review. Oh, wait, you don't get one. You're a temp.",Dwight,Vedant
"Niagara Falls in October? Pfft, hells yeah.",Meredith,Vedant
Tuh.,Kelly,Vedant
"Hey, Dwight. As Sempai, do you think there is ever going to be a day where humans and robots can peacefully co-exist?",Jim,Vedant
Oh my god!,Michael,Vedant
Notify the athletes.,Dwight,Vedant
No. This is my toast. I think this whole thing with Sabre is going to work out. I have a very good feeling about it.,Michael,Vedant
Thank you for your time I look forward to getting your calls.,Oscar,Vedant
"No, Pam. The press is just gonna find out by themselves.",Michael,Vedant
"Yay! Oh, poor Robert. He won't get to say goodbye. He has this business dinner tonight",Phyllis,Vedant
"Absolutely not. There are a lot of different ways to get revenge. I've had great success by defecating in a paper bag, put it on the porch‚Äì",Dwight,Vedant
"Yeah, that‚Äôs what I‚Äôm saying. They‚Äôre incredibly helpful, you‚Äôre lucky to have them. I mean with them there, you probably won‚Äôt even know I‚Äôm gone.",Andy,Vedant
"A lot‚Ä¶ of things. Uh, you, uh‚Ä¶ What about Jan? Lovely, lovely, lovely Jan, man. It‚Äôs goin‚Äô good, right?",Dwight,Vedant
I‚Äôm Kevin.,Kevin,Vedant
Do you have a pole?,Kevin,Vedant
Argh. Alright. Do you know any girls in New York you might want to hook me up with? Some that might be interested in a guy like me.,Michael,Vedant
This is Jim Halpert...,Jim,Vedant
Exactly.,Michael,Vedant
DO YOU WANT TO DIE?,Dwight,Vedant
Okay.,Kevin,Vedant
Get in!,Dwight,Vedant
Dwight?,Pam,Vedant
Make-up sex. Nice!,Michael,Vedant
No seriously. Is there anyone else who could do it better? Because we don‚Äôt have a lot of time. I‚Äôll get the pizza!,Michael,Vedant
Teach her to offer Stanley more money.,Andy,Vedant
"I couldn't care less about nepotism. But, I'm loving the debate. Great minds battling it out. And I've got a front row seat.",Andy,Vedant
"You made a ""P.""",Kevin,Vedant
That's awesome!,Michael,Vedant
"I may have a little solution to our mistakes problem. This is a project I‚Äôve been working on for quite some time and today, might be the day to use it.",Pam,Vedant
"I'll let you in on a little secret: I've been very much looking forward to this moment. Very, very much. I-I have been steeped in anticipation. Toby has been cruisin' for a bruisin' for twelve years, and I am now his cruise director, and my name is Captain Bruisin'.",Michael,Vedant
"Let‚Äôs go over some of the symptoms of marijuana use, shall we? You tell me who this sounds like: slow moving, inattentive, dull, constantly snacking, shows a lack of motivation.",Dwight,Vedant
Some sort of virus?,Andy,Vedant
No.,Stanley,Vedant
That's harsh.,Pam,Vedant
"Honestly, Jim gives me the creeps.",Kelly,Vedant
"Okay, oh! All right.",Michael,Vedant
Maybe we should just skip the ceremony and setup a college fund for Meredith's son.,Oscar,Vedant
"Uh, leprosy? Flesh eating bacteria. Hot-dog fingers. Government-created killer nanorobot infection.",Dwight,Vedant
Which one‚Äôs yours?,Andy,Vedant
Yeah. So... and Andy is gay.,Kevin,Vedant
"Oh, hi, Michael. I'm so sorry I'm late. I got stuck in traffic.",Dwight,Vedant
No one from the office has been to a real Bernard throw down.,Andy,Vedant
It was indescribable.,Toby,Vedant
Yes?,Erin,Vedant
"Yes we do. So, get excited. But I have to go the bathroom real quick. If you‚Äôll excuse me, be right back. Ah, okay.",Michael,Vedant
"Don't be shy, shy boy. Don't be shy. Get up there.",Michael,Vedant
"Mm-Kay, Well, it can't be zero, Kev.",Oscar,Vedant
"Everyday, for eight years, I have brought pepper spray into this office to protect myself and my fellow employees. And everyday, for eight years, people have laughed at me. Well, who's laughing now?",Dwight,Vedant
It didn't have a buster sign around him? Why don't you draw him? Why don't we see this whole thing.,Michael,Vedant
I've heard that.,Jim,Vedant
Who do you think it should be?,Jim,Vedant
"Okay, this is, all right, this is silly. Nope, nope, nope, nope, nope, nope, nope, nope, nope, nope, nope...",Michael,Vedant
You should give them a call. Check that out.,Pam,Vedant
"Darryl said, ‚ÄúCool, man.‚Äù He called me as cool man.",Michael,Vedant
Oh my!,Meredith,Vedant
"Everyone, a little breaking news for ya. Just had a little chat with David Wallace. And, um, I‚Äôm taking a leave of absence from Dunder Mifflin, forever.",Michael,Vedant
"Come on, you're safety partners!",Dwight,Vedant
"Packer, we accept.",Michael,Vedant
Good. Here come the sharks.,Andy,Vedant
Yeah.,Phyllis,Vedant
"Last week I got an agent and uh, this week I got a movie. HRPDC chemical handling protocols. It‚Äôs gonna be seen by tons of workers in the industrial chemical community. One of whom could have a cousin whose brother‚Äôs Brad Pitt. And boom, next thing you know, I‚Äôm in Moneyballs Two.",Michael,Vedant
"Okay... don't ask me how I got it, let's just say that I have... connections. Mmm. Mmm. I'm the Godfather. I'm gonna eat this whole pizza. And then I'm gonna kill you. some cheese. You gotta fold it up. That's the way you eat pizza.",Michael,Vedant
I am a man! I'm a bigger man than you'll ever be! I would never sleep with another man's fiance!,Andy,Vedant
"Ryan, well done. Two minutes, forty-two seconds. Additionally, Pam, you win ten because she said ‚Äúawesome‚Äù 12 times, and Jim, you win five because she mentioned six romantic comedies.",Oscar,Vedant
Who knows what the belt is for?,Jim,Vedant
Jump over the camera! Jump over the camera!,Dwight,Vedant
So he won't get caught!,Dwight,Vedant
Yeah?,Erin,Vedant
Sometimes you talk to us real close.,Phyllis,Vedant
"Yeah, kiss her. Kiss her good.",Michael,Vedant
Please Mr. President-,Michael,Vedant
"Yeah, why did you?",Darryl,Vedant
"It's Michael Scott. Hold it up. Conference room, five minutes.",Michael,Vedant
Probably is.,Erin,Vedant
Did we get any mail?,Pam,Vedant
"Well, I mean, that‚Äôs OK. It doesn‚Äôt mean that it‚Äôs over. Right? I mean, couples fight.",Michael,Vedant
So this makes sense then. Or is it crazy?,Jim,Vedant
Bye.,Kelly,Vedant
Yeah. Get another one.,Erin,Vedant
Cancel wallpaper.,Andy,Vedant
"Because I like them a certain way, and if it gets screwed up, then whole thing is blown.",Stanley,Vedant
"Oh, it is warm.",Dwight,Vedant
Thought it was worth a try.,Jim,Vedant
"I‚Äôm gonna grab her, okay.",Ryan,Vedant
Back‚Ä¶,Kevin,Vedant
Fine! Sit back and do nothing and let us all get fired!,Oscar,Vedant
"Okay, all right. Groped you good. Off to Hollywood!",Michael,Vedant
Yeah.,Andy,Vedant
"Yes, I am choosing my apprentice. Which is why I have modeled all my games after Survivor.",Dwight,Vedant
"No, no, Jim. This is different. This is everything.",Pam,Vedant
Do you run the bed and breakfest?,Jim,Vedant
What happened?,Pam,Vedant
Damn it!,Dwight,Vedant
Dwight...,Michael,Vedant
"Okay. Well, have a good trip. Good luck, Andy.",Erin,Vedant
I wanted to leave quietly. It seemed dignified. But having Kevin grind up on my front while Erin pretends to hump me from behind is a more accurate tribute to my years here. I'm gonna miss these guys.,Darryl,Vedant
"Mose, bags! Now!",Dwight,Vedant
To madness.,Michael,Vedant
Try this.,Phyllis,Vedant
What did Jan want?,Michael,Vedant
I'm about to tell everybody. I'm just about to tell everybody.,Michael,Vedant
And one for good measure!,Michael,Vedant
"Well, I need to get the horrible taste of this pizza out of my mouth. I‚Äôd really like some sushi. I was hoping that I would have New York style sushi today. And you know what?",Michael,Vedant
"All right, listen up. Some of you may have heard some rumors about the branch closing. But, I am not going to take this lying down. I have a plan and I am going to save our jobs. So just hang in there. Let's go.",Michael,Vedant
"No, he doesn‚Äôt. I told her Santa would be here.",Michael,Vedant
'Free paper.',Dwight,Vedant
Sure you can‚Äôt stay a little longer?,Pam,Vedant
"Was I, Creed?! Ok, well, you know what? I am implying is that when we're on an elevator together, I should maybe take the stairs, because talk about stank. Not that I would ever say something like that in public, and I never have, and I never will. I just think it's something that we should all be aware of. Ok? Now that we've learned this, let's continue. See, this is good, we're learning and we're figuring some stuff out. ""You need to do something about your coffee breath""-",Meredith,Vedant
Yeah. Just put me out of my misery.,Stanley,Vedant
"Do it! Do it! Scream! Scream it out, scream it out, scream it out.",Dwight,Vedant
"So how does it work? ItƒÇÀò√¢‚Äö¬¨√¢‚ÄûÀòs like, you know, the action of talking to a third party breaks up the log jam, orƒÇÀò√¢‚Äö¬¨√Ç¬¶",Ryan,Vedant
"Well, not exactly what I was looking for but thanks guys.",Andy,Vedant
This... just in. Justin Polznik! Huh?,Michael,Vedant
"How ya feeling, better?",Jim,Vedant
Maybe!,Pam,Vedant
Wallace had to show up on the one four month period that I'm completely overwhelmed.,Andy,Vedant
Bye.,Erin,Vedant
"Kevin, don‚Äôt! Come on!",Angela,Vedant
"Hey, listen. I know that I'm an adult, but maybe I could come by sometime for a teeth cleaning. You know, just for fun.",Michael,Vedant
I‚Äôm doing it. You know I am. It‚Äôs disgusting.,Michael,Vedant
Yeah.,Creed,Vedant
I got some in my minivan somewhere.,Meredith,Vedant
Yeah! Boo-yah!,Michael,Vedant
"Okay, Michael. Um, you know I love when you do that voice, but today, I'm so sorry. I need you to tell me that you know you're not Cece's godfather.",Jim,Vedant
Yeah.,Jim,Vedant
"Um, what?",Jim,Vedant
"Okay, the opposite of that?",Oscar,Vedant
It‚Äôs a quarter to five and I have started to gather my things.,Stanley,Vedant
"Hello, little man. Haven‚Äôt seen you in a few years. What is this? Oh, god. Henry.",Michael,Vedant
"We are not in the playground anymore. There are new rules. We have to be mature. But we can't lose the spirit of child like wonder. What is love... anyway? Maybe it's supposed to break all the rules. Like me and Jan. Or Oscar... and some guy. Life is short. When two people find each other, what should stand in their way?",Michael,Vedant
"Not counting the last one, 25.",Dwight,Vedant
"No one will believe this back home, but that‚Äôs okay. Let me show you how it‚Äôs done.",Michael,Vedant
"Yeah, it surprised us all. I'll tell you why. Because when they---",Pam,Vedant
Dwight tried to kiss me.,Oscar,Vedant
Well I think if you use the same jokes it just comes across as lazy.,Oscar,Vedant
Mm-hmm.,Kevin,Vedant
"Really? No, honestly. Tell me what you really think.",Pam,Vedant
"Okay, a little about me. I respond to strong leadership.",Andy,Vedant
That was a voicemail that corporate left last night. They did not get our tax forms. Did you send them?,Angela,Vedant
Subway sandwiches.,Jim,Vedant
"Did you see that! Did you see it? Did you see what... wow-wee! Uh, well, Jan didn't believe in showing affection, so... sometimes I don't know how to react when a girl touches me. Oh... I like it!",Michael,Vedant
I know Jan didn't poison the food. I know that. But if she was going to poison the food of someone at that table wouldn't it be me? Michael's former lover?,Pam,Vedant
Okay,Kevin,Vedant
"That‚Äôs OK, I don‚Äôt want you to do that.",Toby,Vedant
What did you end up with?,Erin,Vedant
Um That's... That's fair. I'm sorry. Merry Christmas.,Erin,Vedant
...then she should be allowed to.,Michael,Vedant
Gabe!,Erin,Vedant
"No, I got it.",Jim,Vedant
Oh my god!,Pam,Vedant
Wow!,Meredith,Vedant
"Yeah. Man, you‚Äôre insane right now. Ravi‚Äôs the whole package.",Kelly,Vedant
"You doing alright, man?",Jim,Vedant
Like that?,Kevin,Vedant
Congratulations.,Angela,Vedant
That‚Äôs what she said.,Michael,Vedant
Its sports marketing basically. But the athletes are partners.,Jim,Vedant
What?,Darryl,Vedant
I was gonna say he was a tax evader.,Dwight,Vedant
≈åƒÜ¬£Buy me some peanuts and cracker jacks!≈åƒÜ√ò,Michael,Vedant
"No, you're definitely the problem.",Oscar,Vedant
And you went to New York to do this. So when you come back you come back the right way. Right?,Jim,Vedant
"Well, first what we have to do is find out what motivates people more than anything else.",Michael,Vedant
I don't want to talk. I want my laptop back.,Kelly,Vedant
Are you good at jigsaw puzzles?,Erin,Vedant
So we just... we wanna help you plan the proposal so that it's safe and responsible and realistic and doable.,Andy,Vedant
"I‚Äôm not telling you anything. Permits are pending. Dwight Schrute, Dunder Mifflin.",Dwight,Vedant
That‚Äôs ridiculous. I‚Äôm not going to be beaten by a website.,Dwight,Vedant
"What I said was, ‚ÄúMy sister‚Äôs funeral is this weekend.‚Äù Didn‚Äôt say I‚Äôd be there.",Darryl,Vedant
"I didn't, you know, it was... It was dark, for one thing.",Michael,Vedant
It‚Äôs still on a bike path though right?,Toby,Vedant
That‚îú√≥≈å√©¬º≈å√§√≥s not it.,Toby,Vedant
Manager of Dunder Mifflin? Check. Owner of a 1600-acre beet farm? Check. Engaged to be married to an actual milkmaid? Check‚Äö on that later today. This is my grandmother's ring. It was made from a bullet I took out of her left buttock. She was a moonshiner shot by Adolph Coors. This is my grandmother's buttock bullet ring.,Dwight,Vedant
"Oh, you probably want to leave the cover on until the guests get here.",Angela,Vedant
"Come on, Dwight. Get out of here.",Michael,Vedant
"Well, hello to you, too. Um, yeah, I was just um, I just wanted to get some closure on uh, what transpired between us at the meeting we had in the parking lot of the Chili's.",Jim,Vedant
"Your bill, minus the ten percent Dunder Mifflin corporate discount.",Michael,Vedant
Not gonna change.,Jim,Vedant
"Um, no, I was just, um, just having a cup of coffee, kind of warming up for the day.",Pam,Vedant
See you.,Pam,Vedant
"Wish it were true, but it, it uh, seems from that photo that you took, you've entered into an intimate relationship.",Toby,Vedant
Wrong. He hated himself. What is the DHARMA initiative?,Dwight,Vedant
"Great! Oh, that‚Äôs great‚Ä¶ We never were very good at small talk, were we, Jim?",Pam,Vedant
"I'm going to pull a date out of the air right now. April 13th, 2002. That is the last day that you evaluated your paper needs. Is it not? We all know that the economy is bad, and bloated companies like Dunder Mifflin...",Michael,Vedant
Phyllis Vance for David Wallace.,Phyllis,Vedant
Michael?,Pam,Vedant
I like her.,Andy,Vedant
Oh... hey.,Ryan,Vedant
"I see it. I see it like I see a mountain that I‚Äôm standing in front of and facing, and I‚Äôm like‚Ä¶",Michael,Vedant
"OK. careful, thanks.",Jim,Vedant
That won't be necessary.,Jim,Vedant
"Apparently my station in life has descended to a depth even they won't forgive. So, hi.",Michael,Vedant
I guess I forgot.,Erin,Vedant
Sales is not all in here. It's also in here.,Michael,Vedant
"Okay, you could just say you don't know what's going on.",Andy,Vedant
"Hey, thanks, ace.",Michael,Vedant
"Michael, you can not fly, you can not, I‚Äôve seen this too many times.",Dwight,Vedant
Narc!,Meredith,Vedant
In case... in case of what?,Oscar,Vedant
"I know, can you believe it?",Andy,Vedant
I gotta erase a lotta stuff. A lot of stuff.,Michael,Vedant
"Yes, hi, my last name is Bernard, and I would like to cancel a wedding cake that I had ordered. B-E-R, N-A, R-D. Yeah, the one shaped like a sailboat... Yep, that's the one.",Andy,Vedant
"That's not appropriate. Hello. Hi, everybody. I promised I wasn't gonna make a toast and I'm not going to. Just going to do a little free standing comedy and if at the end everybody wants to raise their glasses to Pam and Jim, then so be it. Hey, what is the deal with the Smart Car? How smart is that? Those things are tiny. Can you even drive them in traffic? 'I'm so smart. E=mc... squared. I drive a Smart Car.' That's not smart in my book. The real smart car is Kitt from Knight Rider.",Michael,Vedant
You know what?,Jim,Vedant
"Michael, are you alright?",Phyllis,Vedant
"Here's what we do. We meet him in a public place. Ask him to lunch or something like that, some place he can't be openly violent.",Michael,Vedant
"I was going to say dogs! Okay, you know what, this is over! Apology has been issued! And we‚Äôre through with it. Packer will be here until the day he dies, just like the rest of us!",Michael,Vedant
"You should work out Ryan, you would look so hot.",Kelly,Vedant
"How could she do this to me, Pam?",Dwight,Vedant
"Now, how can I help you?",Pam,Vedant
Hmm. I don't think so. But thanks. My building manager... is... You understand.,Dwight,Vedant
You donƒÇÀò√¢‚Äö¬¨√¢‚ÄûÀòt remember?,Kelly,Vedant
What a surprise! Minorities sticking together.,Michael,Vedant
"Yeah, lunch was wonderful!",Phyllis,Vedant
I can always kind of win at roulette.,Dwight,Vedant
"Um, oh boy, let's see, he's really...",Jim,Vedant
"Yummy, yummy. Thank you, Ryan.",Kelly,Vedant
"So the figures show improvement right there, Michael. And again-",Dwight,Vedant
I‚Äôve only had to use it once.,Meredith,Vedant
